,words_pair,nums
0,ии иску́сственный,2
1,ии интелле́кт,2
2,англ ии,4
3,ии свойство,2
4,ии прерогативой,2
5,ии человека,14
6,ии сознанием,3
7,ии ис,2
8,ии наука,2
9,ии технология,3
10,ии ии,25
11,задачей ии,6
12,ии использования,7
13,ии компьютеров,5
14,ии понимания,5
15,ии человеческого,9
16,ии методами,5
17,ии сегодня,2
18,ии применения,6
19,artificial intelligence,10
20,ai artificial,5
21,ai intelligence,5
22,интеллектуальных искусственных,2
23,систем технология,2
24,систем создания,3
25,интеллектуальных систем,10
26,машин систем,3
27,компьютерных систем,3
28,программ систем,2
29,использования систем,4
30,систем системы,3
31,области систем,5
32,применения систем,2
33,интеллектуальных творческие,2
34,использования человека,2
35,компьютеров человека,4
36,понимания человека,2
37,человека человеческого,4
38,искусственным сознанием,2
39,ис сознанием,2
40,наука технология,2
41,машин наука,2
42,наука программ,2
43,машин технология,2
44,программ технология,2
45,машин создания,5
46,программ создания,2
47,интеллектуальных машин,6
48,интеллектуальных компьютерных,5
49,интеллектуальных программ,4
50,интеллектуальных человеческого,2
51,интеллектуальных правдоподобными,2
52,интеллектуальные интеллектуальных,2
53,интеллектуальных узкие,2
54,компьютерных машин,2
55,машин программ,2
56,машин области,3
57,компьютерных программ,2
58,задачей сходной,2
59,сходной человеческого,2
60,правдоподобными сходной,2
61,задачей использования,2
62,задачей понимания,2
63,задачей методами,2
64,задачей области,2
65,использования компьютеров,2
66,использования понимания,2
67,использования человеческого,2
68,использования применения,3
69,компьютеров понимания,2
70,компьютеров методами,2
71,понимания человеческого,2
72,биологически обязательно,2
73,методами правдоподобными,2
74,интеллектуальные области,2
75,искусственного человека,9
76,джоном человека,2
77,маккарти человека,2
78,году человека,4
79,семинаре человека,2
80,дартмутском человека,2
81,университете человека,2
82,человека человека,2
83,вопросы интеллекта,5
84,интеллекта преамбуле,2
85,интеллекта определение,5
86,маккарти определение,2
87,искусственного маккарти,2
88,году искусственного,3
89,джоном интеллекта,2
90,интеллекта маккарти,3
91,году интеллекта,4
92,интеллекта семинаре,2
93,дартмутском интеллекта,2
94,интеллекта университете,2
95,джоном маккарти,2
96,году джоном,2
97,году маккарти,2
98,ии исследователи,4
99,ии людей,2
100,джон ии,2
101,ии маккарти,3
102,методы определение,2
103,проблем решения,2
104,интеллектом мире,2
105,время интеллектом,2
106,зрения интеллектом,2
107,английском интеллектом,2
108,интеллектом языке,2
109,науки целей,2
110,зрения науки,2
111,искусственного науки,3
112,вычислительная способности,2
113,вычислительная интеллект,4
114,вычислительная искусственного,2
115,вычислительная системы,2
116,способности целей,2
117,искусственного способности,2
118,способности способность,2
119,зрения целей,2
120,определения целей,2
121,интеллекта целей,4
122,системы целей,2
123,задач целей,3
124,время мире,2
125,которого мире,2
126,искусственного мире,5
127,мире человека,3
128,время языке,2
129,время очередь,2
130,зрения определения,2
131,зрения искусственного,6
132,зрения человека,2
133,зрения машины,2
134,задач зрения,3
135,зрения середине,2
136,которой машины,2
137,которой системы,2
138,интеллект оно,3
139,интеллект общее,3
140,биологическим искусственного,2
141,искусственного феноменом,2
142,английском языке,2
143,английском искусственного,2
144,которого языке,2
145,искусственного языке,2
146,системы языке,2
147,антропоморфной искусственного,2
148,антропоморфной интеллекта,3
149,искусственного окраски,2
150,искусственного традиционном,2
151,искусственного русском,2
152,искусственного переводе,2
153,искусственного используемом,2
154,искусственного контексте,2
155,искусственного которого,3
156,которого человека,3
157,аналог искусственного,2
158,задач определения,3
159,искусственного частных,3
160,искусственного общее,2
161,искусственного ходе,3
162,искусственного самообучения,2
163,искусственного определённого,2
164,искусственного класса,2
165,искусственного сложности,2
166,искусственного нового,2
167,искусственного научного,2
168,искусственного направления,3
169,века искусственного,2
170,интеллекта нового,3
171,интеллекта научного,3
172,машины человека,4
173,очередь первую,2
174,времени работы,2
175,времени теории,2
176,времени вычислений,3
177,времени плане,2
178,времени машина,2
179,времени помощью,3
180,времени устройств,2
181,времени интеллекта,3
182,зародился сформировано,2
183,множество представления,3
184,знаний множество,3
185,виде множество,3
186,множество теории,2
187,вычислений множество,2
188,множество плане,3
189,вычислений предпосылок,2
190,вычислений зарождения,2
191,зарождения плане,2
192,возможностей зарождения,2
193,философов человека,2
194,вычислений философов,2
195,возможностей философов,2
196,разума философов,2
197,искусственного философов,2
198,зародился шли,2
199,вычислений споры,2
200,плане споры,2
201,интеллекта споры,2
202,плане природе,2
203,вопрос природе,2
204,которой природе,2
205,интеллекта природе,2
206,процессе человека,2
207,нейрофизиологи человека,2
208,психологи человека,2
209,ряд человека,2
210,работы человека,2
211,мозга человека,4
212,мышления человека,3
213,человека экономисты,2
214,математики человека,2
215,расчётов человека,2
216,формализованном человека,2
217,виде человека,2
218,фундамент человека,2
219,теории человека,4
220,алгоритмов человека,2
221,плане человека,4
222,границы человека,2
223,уровня человека,2
224,развития человека,2
225,пионеров человека,2
226,вычислительной человека,2
227,техники человека,2
228,учёный человека,2
229,алан человека,2
230,тьюринг человека,2
231,момент человека,2
232,разумности человека,2
233,теста человека,3
234,коллежский человека,2
235,советник человека,2
236,семён человека,2
237,николаевич человека,2
238,корсаков человека,2
239,усиления человека,2
240,разума человека,3
241,разработки человека,2
242,методов человека,2
243,процессе работы,2
244,процессе теории,2
245,плане процессе,2
246,процессе статью,2
247,машина процессе,2
248,интеллекта процессе,2
249,вычислений познания,2
250,плане познания,2
251,возможностей познания,2
252,вычислений мира,2
253,мира плане,2
254,возможностей мира,2
255,ряд человеческого,2
256,ряд теории,3
257,алгоритмов ряд,2
258,плане ряд,2
259,области ряд,2
260,машина ряд,2
261,разумности ряд,2
262,искусственного ряд,5
263,интеллекта ряд,5
264,теории теорий,2
265,вычислений теорий,2
266,вычислений работы,3
267,машин работы,2
268,плане работы,2
269,области работы,2
270,которой работы,2
271,методов работы,2
272,работы устройств,2
273,искусственного работы,2
274,интеллекта работы,2
275,алгоритмов человеческого,2
276,плане человеческого,2
277,вопрос человеческого,3
278,году человеческого,2
279,разума человеческого,2
280,вычислений мозга,2
281,машин мозга,2
282,мозга плане,2
283,возможностей мозга,2
284,которой мозга,2
285,вычислений мышления,2
286,мышления плане,2
287,вопрос мышления,4
288,возможностей мышления,2
289,году мышления,2
290,момент мышления,2
291,мышления теста,4
292,мышления тьюринга,2
293,мышления разума,2
294,искусственного мышления,4
295,интеллекта мышления,3
296,задавались зародился,2
297,вопросами вычислений,2
298,вопросами плане,2
299,вычислений оптимальных,2
300,возможностей оптимальных,2
301,вычислений расчётов,2
302,плане расчётов,2
303,виде представления,2
304,вычислений представления,2
305,плане представления,2
306,возможностей представления,2
307,знаний машин,2
308,знаний интеллекта,5
309,плане формализованном,2
310,виде теории,2
311,виде плане,2
312,виде машина,2
313,виде искусственного,2
314,виде интеллекта,2
315,зародился оказались,2
316,достигнут зародился,2
317,зародился пишет,2
318,зародился описывает,2
319,зародился сравняется,2
320,зародился получившую,2
321,зародился ставил,2
322,теории фундамент,2
323,плане фундамент,2
324,которой математической,2
325,плане теории,4
326,сообществе теории,2
327,году теории,2
328,алан теории,2
329,названием теории,2
330,момент теории,2
331,современной теории,2
332,искусственного теории,5
333,алгоритмов вычислений,2
334,вычислений компьютеры,2
335,возможности вычислений,2
336,вычислений новых,3
337,вычислений машин,3
338,вычислений скорости,2
339,вычислений сообществе,2
340,вычислений границы,2
341,вычислений уровня,3
342,вычислений развития,2
343,вычислений пионеров,2
344,вычислений техники,2
345,вычислений названием,2
346,вычислений разумности,2
347,вычислений теста,2
348,вычислений тьюринга,2
349,вычислений усиления,2
350,вычислений разума,2
351,вычислений разработки,2
352,вычислений научных,2
353,вычислений методов,2
354,вычислений устройств,3
355,вычислений интеллекта,7
356,алгоритмов плане,2
357,алгоритмов развития,2
358,алгоритмов искусственного,4
359,алгоритмов интеллекта,4
360,компьютеры плане,2
361,возможности машин,2
362,возможностей возможности,2
363,возможностей новых,2
364,машин машины,3
365,машин разумности,3
366,машин устройств,2
367,плане скорости,2
368,плане учёном,2
369,плане сообществе,2
370,границы плане,2
371,плане уровня,2
372,плане развития,2
373,году плане,2
374,области плане,2
375,плане техники,2
376,английский плане,2
377,плане учёный,2
378,алан плане,2
379,плане тьюринг,2
380,плане статью,2
381,названием плане,2
382,машина плане,4
383,которой плане,2
384,плане процедуру,2
385,плане помощью,2
386,момент плане,2
387,плане разумности,2
388,плане теста,2
389,коллежский плане,2
390,плане советник,2
391,плане семён,2
392,николаевич плане,2
393,корсаков плане,2
394,задачу плане,2
395,плане усиления,2
396,плане разума,2
397,плане разработки,2
398,методов плане,2
399,концепцией плане,2
400,искусственного плане,2
401,интеллекта плане,2
402,возможностей человеческих,2
403,машина сообществе,2
404,вопрос области,2
405,вопрос искусственного,6
406,границы которой,2
407,возможностей уровня,2
408,возможностей развития,2
409,возможностей пионеров,2
410,возможностей которой,2
411,возможностей теста,2
412,возможностей тьюринга,2
413,возможностей разума,2
414,возможностей научных,2
415,возможностей интеллекта,2
416,разума уровня,2
417,области развития,3
418,момент развития,2
419,развития разума,2
420,искусственного развития,9
421,интеллекта развития,9
422,году машина,4
423,году момент,2
424,году корсаков,2
425,году разума,2
426,названием области,2
427,которой области,2
428,области помощью,2
429,момент области,2
430,области разработки,3
431,вычислительной помощью,2
432,которой техники,2
433,английский машина,2
434,машина учёный,2
435,которой статью,2
436,машина названием,2
437,названием помощью,2
438,названием человеком,2
439,названием разработки,2
440,интеллекта названием,2
441,машина момент,2
442,коллежский машина,2
443,машина советник,2
444,машина семён,2
445,машина николаевич,2
446,корсаков машина,2
447,машина современной,2
448,которой процедуру,2
449,которой помощью,3
450,которой разумности,2
451,которой разработки,2
452,которой современной,2
453,концепцией которой,2
454,которой усилителя,2
455,интеллекта помощью,3
456,искусственного момент,2
457,интеллекта момент,2
458,разумности тьюринга,2
459,искусственного разумности,3
460,интеллекта разумности,3
461,разума теста,2
462,искусственного теста,4
463,интеллекта теста,2
464,искусственного корсаков,2
465,интеллекта корсаков,2
466,искусственного разума,4
467,интеллекта разума,2
468,искусственного разработки,2
469,интеллекта разработки,2
470,знаний своих,2
471,информатики области,2
472,знаний карты,2
473,искусственного своего,2
474,интеллекта своего,2
475,рода систем,2
476,области рода,2
477,искусственного рода,4
478,интеллекта рода,4
479,роль систем,2
480,роль ссср,2
481,баз знаний,2
482,баз экспертных,2
483,баз систем,2
484,баз интеллекта,2
485,знаний экспертных,4
486,знаний систем,4
487,систем экспертных,3
488,искусственного экспертных,2
489,годах систем,2
490,годах интеллекта,2
491,начала цетлин,2
492,начала обучением,2
493,автоматов начала,2
494,конца начала,2
495,годов начала,3
496,западе поспелов,2
497,года данных,2
498,данных поспелов,2
499,года наук,2
500,наук поспелов,2
501,года сентября,2
502,поспелов сентября,2
503,года поспелов,2
504,поспелов президиуме,2
505,совет ссср,2
506,поспелов ссср,2
507,заместителями поспелов,2
508,россии совет,2
509,важную роль,2
510,важную искусственному,2
511,важную россии,2
512,роль россии,2
513,развитии россии,2
514,искусственному мая,2
515,искусственному цифровой,2
516,искусственному путина,2
517,искусственному национальной,2
518,интеллекту россии,5
519,интеллекту целом,2
520,интеллекту мая,2
521,интеллекту экономики,2
522,интеллекту путина,2
523,интеллекту решение,2
524,интеллекту подготовке,2
525,интеллекту стратегии,2
526,россии целом,2
527,россии ссср,2
528,мая россии,2
529,года россии,7
530,россии совещании,2
531,россии цифровой,2
532,россии экономики,4
533,председательством россии,2
534,решение россии,2
535,подготовке россии,2
536,национальной россии,2
537,россии стратегии,2
538,года целом,3
539,года цифровой,3
540,года экономики,2
541,года решение,2
542,рамках россии,2
543,декабре рамках,2
544,года программа,4
545,программа развития,2
546,выделением года,4
547,выделением развития,2
548,млрд октября,2
549,года млрд,6
550,млрд развития,2
551,года рублей,4
552,развития рублей,2
553,года октября,8
554,октября развития,2
555,искусственного октября,2
556,интеллекта октября,2
557,года своим,4
558,года указом,4
559,августа года,6
560,года проект,5
561,года руководителем,4
562,года заместитель,4
563,года министра,4
564,года экономического,4
565,года декабре,6
566,года конференция,4
567,года топ-,4
568,года форумов,4
569,развития указом,2
570,августа развития,2
571,проект развития,2
572,министра развития,2
573,развития экономического,2
574,декабре развития,2
575,конференция развития,2
576,развития топ-,2
577,развития форумов,2
578,августа искусственного,2
579,декабре искусственного,2
580,вторая искусственного,2
581,августа интеллекта,2
582,декабре интеллекта,2
583,проект россии,2
584,декабре россии,2
585,artificial journey,2
586,intelligence journey,2
587,ai journey,3
588,ии онлайн,2
589,искусственный онлайн,2
590,интеллект онлайн,2
591,михаил человек,2
592,ии конференции,2
593,года участие,3
594,владимир года,2
595,года михаил,3
596,года мишустин,3
597,года поддержки,2
598,года сфере,4
599,года ии,18
600,михаил мишустин,2
601,ии михаил,2
602,вопрос михаил,2
603,ии мишустин,2
604,интеллект сфере,5
605,вопрос ии,9
606,ии определения,4
607,какого либо,3
608,либо определения,2
609,либо науки,2
610,интеллекта либо,2
611,достижения интеллекта,2
612,вопрос науки,3
613,науки человеческого,2
614,гипотез интеллекта,2
615,гипотез тьюринга,2
616,поэтому строго,2
617,ии множества,3
618,ии подходов,2
619,ии последний,2
620,ии смысле,5
621,ии эмпирический,2
622,ии тест,3
623,аланом ии,2
624,ии тьюрингом,3
625,ии разум,8
626,ии философском,3
627,журнале ии,4
628,созданию тьюрингом,2
629,году созданию,2
630,интеллектуальных информационных,3
631,информационных систем,5
632,разработке систем,2
633,ии систем,8
634,систем статье,2
635,ии машины,5
636,разум смысле,7
637,журнале статье,2
638,году журнале,2
639,одним целью,2
640,данного одним,2
641,определение теста,2
642,близкого теста,2
643,интерпретация теста,2
644,следующим теста,2
645,образом теста,2
646,одним теста,4
647,возможности искусственного,2
648,одним человеческому,2
649,образом следующим,2
650,одним следующим,2
651,образом одним,2
652,одним человек,2
653,компьютером одним,2
654,выбор человека,3
655,реакция такую,2
656,реакция систему,2
657,реакция чувства,2
658,боль реакция,2
659,реакция срабатывание,2
660,датчика реакция,2
661,реакция удара,2
662,голод реакция,2
663,заряд реакция,2
664,аккумулятора реакция,2
665,другие многие,2
666,систем творчества,2
667,символьных систем,2
668,возможности систем,2
669,реализации систем,2
670,интеллекта творчества,3
671,подход символьный,2
672,подход языка,2
673,автора создания,2
674,вычислений языка,2
675,вычислений символьных,2
676,методах подход,2
677,модель система,2
678,основная создание,2
679,правил программы,2
680,программы процессе,2
681,такие трудности,2
682,возможности такие,2
683,интеллекта программирование,4
684,логический подход,2
685,искусственного подход,3
686,моделировании созданию,2
687,рассуждений систем,2
688,подход пролог,2
689,подход программы,3
690,вывода правил,2
691,вычислительная часть,2
692,сама такая,2
693,помощью сама,2
694,сама среде,2
695,подход сама,2
696,помощью такая,2
697,среде такая,2
698,подход такая,2
699,агентом помощью,2
700,мир окружающий,2
701,окружающей окружающий,2
702,помощью способной,2
703,помощью среде,5
704,подход помощью,2
705,внимание помощью,2
706,выполнении помощью,2
707,способной среде,2
708,окружающей среде,4
709,подход среде,2
710,внимание среде,2
711,методах среде,2
712,алгоритмах среде,2
713,выполнении среде,2
714,алгоритмы моделей,2
715,принятия решений,5
716,возможностей решений,2
717,подход спектра,2
718,моделей нейронных,2
719,полного спектра,2
720,правила умозаключений,2
721,правила сетями,2
722,обучения правила,3
723,нейронными сетями,2
724,ии сторонники,2
725,данного подхода,2
726,ии развитие,4
727,решение создание,2
728,анализ направление,2
729,анализ теория,2
730,обработка языка,2
731,анализ естественного,2
732,анализ языка,3
733,рамках языке,2
734,анализ текстов,2
735,знаний применения,2
736,анализ поиск,2
737,задачи поиск,2
738,знаний числе,3
739,получения числе,2
740,знаний направление,6
741,направление получения,2
742,информации направление,2
743,задачи знаний,2
744,знаний получения,5
745,знаний систематизации,2
746,знаний использования,2
747,данных направление,2
748,знаний созданием,2
749,данных созданием,2
750,данных экспертных,2
751,данных систем,4
752,анализа систем,3
753,знаний программ,2
754,данных программ,2
755,знаний специализированные,2
756,данных специализированные,2
757,базы данных,2
758,достоверных знаний,2
759,заключений знаний,2
760,знаний производство,2
761,данных знаний,5
762,базовых знаний,2
763,знаний проблем,2
764,анализа знаний,3
765,данных получения,2
766,данных достоверных,2
767,данных заключений,2
768,данных производство,2
769,данных проблем,3
770,анализа данных,3
771,анализа интеллектуального,2
772,основе сетей,2
773,обучения основе,2
774,основе процесса,2
775,основе получения,2
776,нейронных сетей,3
777,машинного нейронных,2
778,обучения сетей,2
779,машинного обучения,10
780,направление развития,2
781,ии самого,2
782,году учителя,2
783,рей учителя,2
784,соломонофф учителя,2
785,отчёт учителя,2
786,вывода учителя,2
787,входном учителя,2
788,потоке учителя,2
789,анализ регрессионный,2
790,используя могут,2
791,решений точки,4
792,алгоритмов анализ,2
793,анализ области,2
794,анализ распознавание,2
795,алгоритмов класс,2
796,обучения теория,2
797,области обучения,2
798,образов обучения,2
799,распознавание речи,2
800,речи текста,2
801,зрение компьютерное,3
802,поведения подхода,2
803,проблем сети,2
804,проблем таких,2
805,интеллекта новый,2
806,ии роботов,3
807,примером природа,2
808,природа робототехники,2
809,игрушки природа,2
810,природа творчества,2
811,музыки эта,2
812,написания произведений,2
813,игр индустрии,2
814,игр компьютерных,2
815,игр систем,2
816,возможности году,2
817,добавлением шума,2
818,информации шума,2
819,фильтрация шума,2
820,системе шума,2
821,знаний шума,4
822,образы шума,2
823,человеком шума,2
824,проверка шума,2
825,формальном шума,2
826,виде шума,2
827,усилий шума,2
828,масса шума,2
829,приложений шума,2
830,искусственного шума,2
831,интеллекта шума,2
832,направление шума,2
833,абстрактных знаний,3
834,абстрактных которых,2
835,знаний интуитивных,2
836,знаний малоценных,2
837,знаний значительных,2
838,знаний умственных,2
839,интуитивных которых,2
840,которых малоценных,2
841,значительных которых,2
842,которых умственных,2
843,которых усилий,2
844,интеллекта качестве,3
845,безопасности интеллекта,3
846,интеллекта перспективе,3
847,интеллекта связь,3
848,интеллекта принципы,3
849,интеллекта исследований,3
850,компьютерных схожие,2
851,играх области,2
852,искусственного нелинейное,2
853,информационной искусственного,2
854,безопасности искусственного,2
855,безопасности области,2
856,перспективе развития,2
857,области перспективе,2
858,действия искусственного,2
859,некоторые свойства,2
860,известный ии,3
861,аи ии,2
862,научной области,2
863,ии направления,3
864,ии момент,3
865,ии области,10
866,известные некоторые,2
867,некоторые разработки,2
868,ии разработки,4
869,ии степени,3
870,ии проработанности,3
871,игр самых,3
872,систем степени,2
873,интеллект понятие,2
874,использование сфере,3
875,году использование,4
876,группу использование,2
877,использование противодействию,2
878,использование мошенничеству,2
879,использование несанкционированному,2
880,использование использованию,2
881,использование торговля,2
882,использование принятия,3
883,использование решений,3
884,использование скоростью,2
885,использование организм,2
886,ии принятия,4
887,ии способен,2
888,систем сфере,2
889,интеллекта сша,2
890,принятия систем,4
891,искусственного принятия,2
892,интеллекта принятия,2
893,автоматизированные системы,3
894,общие системы,2
895,искусственный точность,2
896,интеллект точность,2
897,алгоритмов финансовых,2
898,алгоритмов ии,4
899,ии продажи,2
900,развитие рынка,2
901,ии рынка,3
902,компании разработки,2
903,компании принятии,2
904,компании решений,2
905,инвестиционных решений,2
906,сетей социальных,3
907,ии названием,2
908,ии которая,3
909,модель разработки,2
910,большими данными,3
911,ии информация,4
912,ии трансляции,2
913,ии продукты,2
914,ии помощи,2
915,ии финансами,2
916,решений управлении,2
917,сан франциско,2
918,времени реальном,3
919,времени огромное,2
920,обучения построения,2
921,моделей обучения,2
922,кредитной платформа,2
923,компьютерное обучение,3
924,году платформа,2
925,году присвоения,2
926,баллов году,2
927,года небольшой,2
928,года кредитной,2
929,ии млрд,2
930,ии конце,2
931,ии октября,2
932,ии цифровой,2
933,году сбербанку,2
934,году млн,2
935,году сумму,2
936,году конце,2
937,года году,6
938,году премьер,2
939,году рф,2
940,году трансформации,2
941,млн сфере,2
942,года мероприятий,2
943,искусственный противника,2
944,интеллект оптимальный,2
945,интеллект противника,2
946,помощью технологией,2
947,данными помощью,2
948,ии интернет,2
949,важным ии,3
950,ии трендом,2
951,ии поля,2
952,боя ии,2
953,выбор ии,4
954,ии комбинации,2
955,ии сенсоров,2
956,ии поражения,2
957,ии противника,2
958,дополненной реальности,2
959,ии марта,2
960,ии комитет,3
961,ии президенту,2
962,ии конгрессу,2
963,доклад ии,2
964,запрет ии,2
965,ии классификацию,4
966,изображений марта,2
967,года изображений,2
968,года марта,2
969,марта основе,2
970,года основе,7
971,безопасности ии,2
972,ии основе,6
973,время ии,7
974,время принятия,2
975,время решений,2
976,китай комитет,2
977,китай опасение,2
978,китай россия,2
979,договор китай,2
980,запрете китай,2
981,китай применение,3
982,аи китай,2
983,деле китай,2
984,китай минобороны,2
985,китай сша,2
986,китай разработке,2
987,китай методов,2
988,внедрения китай,2
989,ии китай,2
990,ии сша,3
991,ии решение,2
992,интеллект которая,2
993,людей роботы,4
994,ии секторе,2
995,автоматизации ии,2
996,роботов сотрудников,2
997,клинических роботов,2
998,роботов систем,2
999,решений роботов,2
1000,роботов стартапов,2
1001,ресурсами роботов,2
1002,ии мире,3
1003,другие такие,2
1004,диагностики ии,2
1005,другие задачи,2
1006,время настоящее,5
1007,время другое,2
1008,здравоохранения ии,2
1009,ии стартапов,2
1010,другое ии,3
1011,ии ресурсами,2
1012,ии рекрутинге,2
1013,ресурсами человеческими,3
1014,ии просмотра,2
1015,ии резюме,4
1016,просмотра резюме,3
1017,ии кандидата,2
1018,анализ ии,6
1019,ии поиск,3
1020,резюме создании,2
1021,резюме чат,2
1022,ботов резюме,2
1023,данных задачи,2
1024,правило резюме,2
1025,информации резюме,2
1026,данных резюме,2
1027,данных информации,2
1028,ии интервью,2
1029,каждое основе,2
1030,интеллект интервью,2
1031,компания основе,3
1032,времени время,2
1033,время резюме,2
1034,анализа время,2
1035,времени ии,3
1036,лица распознавания,2
1037,ии речи,3
1038,рекрутинга чатов,2
1039,ari textrecruit,2
1040,вакансий кандидатов,2
1041,кандидатов рекламных,2
1042,кандидатов объявлений,2
1043,кандидатов собеседований,2
1044,кандидатов отношений,2
1045,компанией развитие,2
1046,ии настоящее,2
1047,время музыки,2
1048,время помощью,2
1049,музыки рамках,2
1050,музыки платформы,2
1051,музыки участия,2
1052,музыки проекте,2
1053,музыки эволюция,2
1054,музыки технологией,2
1055,музыки помощью,2
1056,достижений музыки,2
1057,мере музыки,2
1058,музыки человекоподобной,2
1059,композиции музыки,2
1060,музыки усилий,2
1061,ии музыки,2
1062,музыки названием,2
1063,музыки эмили,3
1064,музыки хауэлл,3
1065,алгоритмической музыки,2
1066,хауэлл эмили,2
1067,известности музыку,2
1068,музыкальной музыку,2
1069,музыку профессиональной,2
1070,ассоциацией музыку,2
1071,создавать узнать,2
1072,изучая создавать,2
1073,музыку пригодную,2
1074,использования музыку,2
1075,компьютерную музыку,2
1076,музыку снятия,2
1077,музыку стресса,2
1078,боли музыку,2
1079,инициативы музыку,2
1080,командой музыку,2
1081,интеллект музыку,3
1082,музыку неотразимое,2
1083,искусство музыку,2
1084,исследовательской музыку,2
1085,лаборатории музыку,2
1086,музыку программное,2
1087,музыку обеспечение,2
1088,музыку поп,2
1089,музыку песни,2
1090,музыки музыку,2
1091,музыку огромной,2
1092,базы музыку,2
1093,google melomics,2
1094,google magenta,2
1095,brain google,2
1096,google sony,2
1097,csl google,2
1098,flow google,2
1099,google machines,2
1100,ии отчёты,2
1101,музыку россии,2
1102,декабре основе,2
1103,отчёты финансовые,2
1104,году миллиард,2
1105,году миллионами,2
1106,году новостной,2
1107,компании такие,2
1108,associated times,2
1109,press times,2
1110,forbes times,2
1111,the times,2
1112,new times,2
1113,times york,2
1114,los times,2
1115,angeles times,2
1116,propublica[en times,2
1117,понятие трафик,2
1118,имеет использует,2
1119,использует называемая,2
1120,данные данные,3
1121,данные настоящее,2
1122,данные тенденцию,2
1123,данные интеллект,3
1124,данные структурированные,3
1125,данные комментарии,3
1126,данные компания,2
1127,ии многое,2
1128,французский читателя,2
1129,немецкий читателя,2
1130,пример читателя,2
1131,ии читателя,3
1132,призван читателя,2
1133,каждого отдельного,2
1134,каждого читателя,3
1135,отдельного читателя,3
1136,правильному читателя,2
1137,каналу читателя,2
1138,году премию,2
1139,году чат,2
1140,систем таких,3
1141,автоматизированное эвристический,2
1142,автоматизированное поиск,2
1143,обслуживание связи,2
1144,обслуживание эвристический,2
1145,обслуживание поиск,2
1146,своего связи,2
1147,мобильного связи,2
1148,ии мобильного,2
1149,приложения связи,2
1150,поиск приложения,2
1151,связи упрощения,2
1152,компании связи,2
1153,поиск связи,4
1154,планирования связи,2
1155,надежды связи,2
1156,использование связи,2
1157,связи сетями,2
1158,связи сотовой,2
1159,попытки связи,2
1160,массового связи,2
1161,производства связи,3
1162,дом связи,2
1163,связи типов,2
1164,ии связи,2
1165,образования связи,2
1166,отдыха связи,2
1167,компании сетями,2
1168,поиск эвристический,4
1169,рабочие эвристический,2
1170,графики эвристический,2
1171,использование эвристический,2
1172,искусственного эвристический,2
1173,интеллекта эвристический,2
1174,дом эвристический,2
1175,базового эвристический,2
1176,отдыха эвристический,2
1177,поиск управлении,2
1178,планирования поиск,2
1179,поиск рабочие,2
1180,графики поиск,2
1181,интеллекта поиск,2
1182,годах поиск,2
1183,поиск производства,2
1184,дом поиск,2
1185,поиск типов,2
1186,базового поиск,2
1187,образования поиск,2
1188,отдыха поиск,2
1189,интеллекта типов,2
1190,ии массового,2
1191,ии типов,4
1192,виде робота,2
1193,первого робота,2
1194,ии люди,2
1195,игры процессе,2
1196,логики нечеткой,2
1197,audi vw,2
1198,tt vw,2
1199,touareg vw,2
1200,caravell vw,2
1201,dsg vw,2
1202,škoda ряд,2
1203,ии ряд,5
1204,škoda контроллер,2
1205,škoda автомобили,2
1206,škoda ии,2
1207,škoda самозаряд,2
1208,škoda круиз,2
1209,года чмэ,2
1210,года лоста,2
1211,зрения технического,2
1212,лоста чмэ,2
1213,сигнал случае,2
1214,опасности сигнал,2
1215,сигнал стрелка,2
1216,препятствие сигнал,2
1217,дороге сигнал,2
1218,запрещающий сигнал,2
1219,светофора сигнал,2
1220,сигнал система,2
1221,подаёт сигнал,2
1222,светозвуковой сигнал,2
1223,машинисту сигнал,2
1224,сигнал торможение,2
1225,комплекс получивший,2
1226,комплекс обозначение,2
1227,комплекс пак,2
1228,комплекс пмл,2
1229,комплекс помощи,2
1230,комплекс машинисту,2
1231,комплекс локомотива,2
1232,искусственный комплекс,2
1233,интеллект комплекс,2
1234,комплекс оценке,2
1235,комплекс обстановки,2
1236,пак пмл,2
1237,глобального ии,3
1238,жестов приложения,2
1239,жестов распознавания,2
1240,распознавание распознавания,3
1241,голоса распознавания,2
1242,жестов машинами,2
1243,голоса жестов,4
1244,жестов множества,2
1245,жестов людей,2
1246,жестов лица,2
1247,жестов интерпретации,2
1248,жестов эмоций,2
1249,жестов невербальных,2
1250,жестов сигналов,2
1251,голоса понимание,2
1252,голоса языка,2
1253,множества распознавание,3
1254,голоса множества,2
1255,голоса людей,2
1256,голоса комнате,2
1257,голоса лица,2
1258,голоса интерпретации,2
1259,голоса эмоций,2
1260,голоса сигналов,2
1261,металлического стекла,2
1262,лаборатории университета,2
1263,времени института,2
1264,времени технологий,2
1265,группы искусственного,2
1266,воздушном искусственного,2
1267,бою искусственного,2
1268,воздушном интеллекта,2
1269,бою интеллекта,2
1270,бою воздушном,2
1271,воздушном одного,2
1272,бою одного,2
1273,вели действовали,2
1274,время расстоянии,2
1275,расстоянии этапа,2
1276,испытаний расстоянии,2
1277,бой расстоянии,2
1278,помощью расстоянии,2
1279,интеллект расстоянии,2
1280,нейрофизиология расстоянии,2
1281,расстоянии эпистемология,2
1282,психология расстоянии,2
1283,науку расстоянии,2
1284,когнитология расстоянии,2
1285,вопросы проблемы,3
1286,вопросы систем,5
1287,ии проблемы,3
1288,компьютерных науках,2
1289,систем эксплуатацию,2
1290,интеллектуальных технологий,3
1291,информационных пользователей,2
1292,информационных таких,2
1293,информационных технологий,2
1294,информационных когнитивного,2
1295,подготовки систем,2
1296,пользователей систем,2
1297,методология систем,2
1298,моделирования систем,2
1299,систем ситуациях,2
1300,вопросы технологий,2
1301,методология моделирования,3
1302,анализа методология,2
1303,когнитивного моделирования,3
1304,анализа когнитивного,2
1305,анализа моделирования,3
1306,робертом ситуации,5
1307,множество робертом,2
1308,моделировании ситуации,5
1309,множество моделировании,2
1310,представлений ситуации,4
1311,ситуации структуризации,5
1312,модель ситуации,5
1313,виде ситуации,5
1314,орграфа ситуации,5
1315,когнитивной ситуации,5
1316,карты ситуации,5
1317,множество ситуации,10
1318,анализа ситуации,6
1319,методологию множество,2
1320,множество структуризации,2
1321,знаний ситуации,4
1322,ситуации эксперта,4
1323,знакового ситуации,4
1324,ситуации факторов,4
1325,отношений ситуации,4
1326,множество модель,2
1327,множество орграфа,2
1328,карты множество,2
1329,множество отношений,2
1330,методы множество,2
1331,анализа множество,2
1332,моделирования настоящее,2
1333,время моделирования,2
1334,моделирования совершенствования,2
1335,аппарата моделирования,2
1336,группа первая,2
1337,ии первая,3
1338,возможно первая,2
1339,вопрос группа,2
1340,группа такое,2
1341,вторая группа,2
1342,группа этика,2
1343,группа последствия,2
1344,группа человечества,4
1345,группа течение,2
1346,группа трансгуманизма,2
1347,группа задач,4
1348,группа пор,3
1349,группа либо,2
1350,группа точки,2
1351,группа зрения,2
1352,группа систематизацию,2
1353,группа целей,2
1354,группа определения,2
1355,группа науки,2
1356,вопрос создание,2
1357,вопрос точки,3
1358,создание такое,2
1359,такое человечества,2
1360,вторая ии,3
1361,ии этика,4
1362,ии трансгуманизма,4
1363,ии точки,7
1364,зрения ии,7
1365,ии критерии,2
1366,ии систематизацию,3
1367,возможно вторая,2
1368,возможно каковы,2
1369,возможно течение,2
1370,возможно строгого,2
1371,создание этика,2
1372,последствия создание,2
1373,создание течение,2
1374,создание трансгуманизма,2
1375,создание точки,2
1376,зрения создание,2
1377,интеллектуальности создание,2
1378,систематизацию создание,2
1379,создание строгого,2
1380,человечества этика,2
1381,задач этика,2
1382,искусственного точки,3
1383,задач последствия,2
1384,ии пор,2
1385,ии либо,2
1386,ии целей,2
1387,ии строгого,2
1388,течение человечества,2
1389,трансгуманизма человечества,2
1390,задач человечества,4
1391,пор человечества,2
1392,точки человечества,2
1393,систематизацию человечества,2
1394,целей человечества,2
1395,строгого человечества,2
1396,задач трансгуманизма,2
1397,важнейших задач,2
1398,задач сих,2
1399,задач пор,2
1400,задач либо,2
1401,задач критерии,2
1402,вопрос творения,2
1403,основных слабого,2
1404,слабого точки,2
1405,смысле точки,2
1406,зрения слабого,2
1407,зрения смысле,2
1408,вопрос слабого,2
1409,вопрос подход,2
1410,вопрос смысле,2
1411,сильного смысле,2
1412,слабого термин,2
1413,ввёл слабого,2
1414,джон слабого,2
1415,слабого сёрль,2
1416,подход слабого,2
1417,разума слабого,2
1418,буквальном слабого,2
1419,слабого смысле,4
1420,слабого слова,2
1421,сама слабого,2
1422,котором слабого,2
1423,слабого человеческий,2
1424,нужно слабого,2
1425,возможен слабого,2
1426,слабого чистый,2
1427,метаразум слабого,2
1428,решающий слабого,2
1429,лишённый слабого,2
1430,слабого характерных,2
1431,слабого человека,2
1432,необходимых слабого,2
1433,индивидуального слабого,2
1434,выживания[источник слабого,2
1435,дня слабого,2
1436,инструмент слабого,2
1437,полного слабого,2
1438,слабого спектра,2
1439,познавательных слабого,2
1440,мысленный слабого,2
1441,слабого эксперимент,2
1442,китайская слабого,2
1443,аргумент слабого,2
1444,слабого теста,2
1445,слабого тьюринга,2
1446,критерием слабого,2
1447,наличия слабого,2
1448,машины слабого,2
1449,процесса слабого,2
1450,мышления слабого,2
1451,искусственного смысле,2
1452,интеллекта смысле,2
1453,интеллекта пользу,2
1454,смысле термин,2
1455,сильный смысле,2
1456,искусственный такая,2
1457,искусственный сторонники,2
1458,искусственный позволяющий,2
1459,искусственный комната,2
1460,искусственный прохождение,2
1461,ввёл смысле,2
1462,смысле сёрль,2
1463,разум такая,3
1464,программа смысле,2
1465,моделью смысле,2
1466,разум разума,3
1467,буквальном смысле,2
1468,слова смысле,2
1469,котором смысле,2
1470,смысле человеческий,2
1471,возможен смысле,2
1472,смысле чистый,2
1473,решающий смысле,2
1474,лишённый смысле,2
1475,смысле человека,2
1476,индивидуального смысле,2
1477,выживания[источник смысле,2
1478,дня смысле,2
1479,инструмент смысле,2
1480,полного смысле,2
1481,смысле спектра,2
1482,мысленный смысле,2
1483,смысле эксперимент,2
1484,комната смысле,2
1485,аргумент смысле,2
1486,пользу смысле,2
1487,прохождение смысле,2
1488,критерием смысле,2
1489,машины смысле,2
1490,процесса смысле,2
1491,мышления смысле,2
1492,разум сама,3
1493,понимающий разум,3
1494,разум сторонники,3
1495,позволяющий разум,3
1496,китайская разум,3
1497,задачи проблемы,2
1498,ии мышления,2
1499,основе ум,2
1500,кризис мнению,2
1501,мнению области,2
1502,закрытости мнению,2
1503,кода мнению,2
1504,данных мнению,2
1505,мнению нейробиолога,2
1506,мнению свойства,2
1507,карго мнению,2
1508,культа мнению,2
1509,мнению соломы,2
1510,мнению эмерджентности,2
1511,данных свойства,2
1512,ии мнению,2
1513,ии институте,2
1514,ии риска,2
1515,будущий ии,2
1516,ии сверхчеловеческий,2
1517,дружественность ии,2
1518,играть решать,2
1519,другие проблемы,2
1520,робототехники сайте,2
1521,азимова робототехники,2
1522,власть робототехники,2
1523,земле робототехники,2
1524,вреда робототехники,2
1525,когнитивной робототехники,2
1526,колледже робототехники,2
1527,лондона робототехники,2
1528,робототехники ряда,2
1529,образом робототехники,2
1530,робототехники следующую,2
1531,аналогию робототехники,2
1532,робототехники сингулярность,2
1533,истории робототехники,2
1534,место робототехники,2
1535,робототехники случае,2
1536,прогресс робототехники,2
1537,обществе робототехники,2
1538,концу робототехники,2
1539,существо человек,3
1540,искусственного существа,2
1541,творение человек,2
1542,первого человека,2
1543,божией воле,2
1544,божиими творениями,2
1545,лезвию матрица,2
1546,неизбежность человечности,2
1547,доминирования ии,3
1548,доминирования человечности,2
1549,доминирования человека,2
1550,ии миром,5
1551,миром человечности,2
1552,миром человека,2
1553,миром появления,2
1554,айзек ии,3
1555,ии кибернетик,3
1556,ии кевин,3
1557,ии уорик,3
1558,ии романе,2
1559,ии фантаста,3
1560,гарри ии,3
1561,ии учёного,3
1562,ии мински,3
1563,ии утраты,3
1564,ии человечности,6
1565,ии мозг,2
1566,ии эвм,2
1567,головного ии,3
1568,виндж ии,3
1569,вышедшего человека,2
1570,контроля человечности,2
1571,контроля человека,2
1572,айзек человека,2
1573,азимов человека,2
1574,кибернетик человека,2
1575,кевин человека,2
1576,уорик человека,2
1577,известный фантаста,2
1578,известный человека,2
1579,интеграции человечности,2
1580,интеграции появления,2
1581,ии интеграции,2
1582,живых машин,3
1583,машин появления,2
1584,живых существ,3
1585,романе человечности,2
1586,романе человека,2
1587,появления романе,2
1588,выбор человечности,2
1589,тьюрингу человечности,2
1590,появления тьюрингу,2
1591,писателя человечности,2
1592,писателя человека,2
1593,писателя появления,2
1594,фантаста человечности,2
1595,фантаста человека,2
1596,появления фантаста,2
1597,гарри человечности,2
1598,гарри человека,2
1599,гарри появления,2
1600,учёного человечности,2
1601,появления учёного,2
1602,марвина человечности,2
1603,марвина человека,2
1604,марвина появления,2
1605,мински человечности,2
1606,мински человека,2
1607,мински появления,2
1608,вопрос человечности,2
1609,утраты человечности,2
1610,утраты человека,2
1611,появления утраты,2
1612,человека человечности,4
1613,мозг человечности,2
1614,которого человечности,2
1615,человечности эвм,2
1616,появления человечности,4
1617,память человечности,2
1618,информация человечности,2
1619,человека эвм,2
1620,появления человека,4
1621,виндж человека,2
1622,мозг появления,2
1623,появления эвм,2
1624,память появления,2
1625,головного появления,2
1626,последствиями появления,2
1627,обществе появления,2
1628,ии память,2
1629,период самоосознания,2
1630,самоосознания сингулярностью,2
1631,самоосознания тема,2
1632,ии роберта,3
1633,ии хайнлайна,3
1634,возникновения ии,3
1635,ии самоосознания,6
1636,ии структуры,3
1637,ии определённого,3
1638,ии критического,3
1639,ии майкрофт,3
1640,дора ии,3
1641,ии цикле,3
1642,будущего ии,4
1643,гипотетического ии,3
1644,самоосознания творчестве,2
1645,роберта самоосознания,2
1646,самоосознания хайнлайна,2
1647,гипотеза самоосознания,2
1648,возникновения самоосознания,2
1649,самоосознания усложнении,2
1650,самоосознания структуры,2
1651,определённого самоосознания,2
1652,критического самоосознания,2
1653,самоосознания уровня,2
1654,наличии самоосознания,2
1655,взаимодействия самоосознания,2
1656,миром самоосознания,2
1657,разума самоосознания,2
1658,майкрофт самоосознания,2
1659,дора самоосознания,2
1660,самоосознания цикле,2
1661,история самоосознания,2
1662,будущего самоосознания,2
1663,проблемы структуры,2
1664,дика интеллекта,2
1665,андроидам интеллекта,2
1666,интеллекта лезвию,2
1667,искусственного фантаста,2
1668,интеллекта фантаста,2
1669,искусственного станислава,2
1670,интеллекта станислава,2
1671,искусственного лема,2
1672,интеллекта лема,2
1673,интеллекта многом,2
1674,искусственного реальности,3
1675,интеллекта реальности,3
1676,искусственного нанороботов,2
1677,приключениях путешествие,2
1678,ийона тихого,16
1679,ийона машин,4
1680,бунт ийона,4
1681,бортового ийона,4
1682,ийона компьютера,4
1683,ийона путешествие,8
1684,адаптация ийона,4
1685,ийона роботов,8
1686,ийона обществе,4
1687,ийона трагедия,4
1688,воспоминаний ийона,4
1689,ийона построение,4
1690,абсолютного ийона,4
1691,ийона порядка,4
1692,ийона планете,4
1693,ийона путём,4
1694,ийона переработки,4
1695,жителей ийона,4
1696,ийона коркорана,4
1697,диагора ийона,4
1698,ийона клиника,4
1699,живых тихого,8
1700,бортового тихого,4
1701,компьютера тихого,4
1702,путешествие тихого,2
1703,тихого человеческом,4
1704,стиральная тихого,4
1705,тихого тихого,3
1706,абсолютного тихого,4
1707,порядка тихого,4
1708,путём тихого,4
1709,переработки тихого,4
1710,коркорана тихого,4
1711,диагора тихого,4
1712,психиатрическая тихого,4
1713,взаимоотношения путешествие,2
1714,бортового живых,2
1715,живых последующими,2
1716,живых неожиданными,2
1717,воспоминаний живых,2
1718,абсолютного живых,2
1719,живых жителей,2
1720,роботов существ,2
1721,машин роботов,2
1722,бунт путешествие,2
1723,бунт тихого,3
1724,бунт воспоминания,2
1725,компьютера путешествие,2
1726,компьютера роботов,2
1727,путешествие событиями,2
1728,адаптация путешествие,2
1729,путешествие человеческом,2
1730,обществе путешествие,2
1731,путешествие стиральная,2
1732,путешествие трагедия,2
1733,воспоминаний путешествие,2
1734,построение путешествие,2
1735,порядка путешествие,2
1736,планете путешествие,2
1737,путешествие путём,2
1738,переработки путешествие,2
1739,изобретения путешествие,2
1740,психиатрическая путешествие,2
1741,клиника путешествие,2
1742,адаптация воспоминания,2
1743,воспоминаний роботов,2
1744,роботов тихого,6
1745,абсолютного роботов,2
1746,порядка роботов,2
1747,жителей роботов,2
1748,коркорана роботов,2
1749,диагора роботов,2
1750,воспоминания трагедия,2
1751,воспоминаний воспоминания,2
1752,жителей тихого,3
1753,воспоминания клиника,2
1754,существует являются,2
1755,рассказов цикл,2
1756,повестей рассказов,4
1757,кибериада повестей,2
1758,повестей роботов,2
1759,людей повестей,2
1760,бледнотиками повестей,2
1761,годов повестей,2
1762,повестей фантастических,2
1763,повестей фильмы,2
1764,кибериада рассказов,2
1765,персонажами рассказов,2
1766,рассказов роботы,2
1767,потомками рассказов,2
1768,людей рассказов,4
1769,бледнотиками рассказов,2
1770,рассказов существами,2
1771,годов рассказов,2
1772,рассказов фантастических,2
1773,рассказов фильмы,2
1774,интеллекте рассказов,2
1775,людей персонажами,2
1776,именуют являются,2
1777,считают являются,2
1778,людей потомками,2
1779,бледнотиками людей,2
1780,людей существами,2
1781,годов людей,2
1782,людей фильмы,2
1783,становятся экранизируются,2
1784,ии максимум,3
1785,artificial asi,3
1786,ии сверхразум,2
1787,машин страшилки,2
1788,ии футурологов,2
1789,машин футурологов,2
1790,ии остающийся,2
1791,ии общий,2
1792,адепты ии,2
1793,ии типа,2
1794,ии минимум,2
1795,ии слабый,2
1796,artificial general,2
1797,artificial narrow,2
1798,general intelligence,2
1799,intelligence narrow,2
1800,машин степени,2
1801,машин типа,2
1802,машин убеждениях,2
1803,машин способных,2
1804,машин те,2
1805,действия машин,2
1806,машин слабые,2
1807,машин намеки,2
1808,могут устаревающие,2
1809,восприятие ощущение,2
1810,ощущение способности,2
1811,восприятие способности,2
1812,разумение способности,2
1813,понятие способности,2
1814,рассудок способности,2
1815,способности ум,2
1816,качество способности,2
1817,психики способности,2
1818,запоминанию способности,2
1819,опыта способности,2
1820,применению способности,2
1821,концепций способности,2
1822,способности управления,2
1823,основе управления,2
1824,ии ученые,3
1825,вычислений искусственного,3
1826,вычислений ии,3
1827,барр искусственного,3
1828,барр интеллекта,3
1829,барр ии,4
1830,интеллекта файгенбаум,3
1831,ии файгенбаум,4
1832,искусственного отличительным,3
1833,искусственного основная,5
1834,искусственного хокинг,3
1835,интеллекта стандартизация,3
1836,интеллекта стивен,3
1837,интеллекта хокинг,3
1838,интеллекта причине,3
1839,интеллекта уничтожения,3
1840,ии отличительным,3
1841,естественный ии,3
1842,ии статья,8
1843,ии стандартизация,5
1844,ии хокинг,5
1845,ии причине,4
1846,ии уничтожения,3
1847,технологии технологий,3
1848,стивен хокинг,2
1849,апреле года,2
1850,года ходе,3
1851,видеоконференции года,2
1852,года пекине,2
1853,глобальной года,2
1854,года мобильного,2
1855,года самого,2
1856,года мощный,2
1857,года хорош,2
1858,года достижении,2
1859,года целей,2
1860,ии ходе,2
1861,людей ученый,2
1862,должен пользователь,6
1863,должен защищен,3
1864,системы эффективность,2
1865,дискриминацией системы,2
1866,должны должны,2
1867,проектировщики разработчики,3
1868,проектировщики специалисты,3
1869,внедрению защиты,2
1870,внедрению основе,2
1871,проактивные систем,2
1872,меры систем,2
1873,защиты систем,3
1874,отдельных систем,2
1875,лиц систем,2
1876,систем сообществ,2
1877,равноправия систем,2
1878,защиты использования,3
1879,защиты основе,2
1880,должен неправомерного,2
1881,должен нем,2
1882,данных использования,2
1883,данных защиты,2
1884,иметь предоставлять,2
1885,иметь рассмотреть,2
1886,иметь устранить,2
1887,google февраля,2
1888,года информация,3
1889,google года,4
1890,google информация,3
1891,google искусственного,2
1892,google интеллекта,2
1893,ai bias,2
1894,применения слуху,2
1895,массового применения,2
1896,применения пылесосов,2
1897,применения станций,2
1898,направления новые,2
1899,ии функционала,2
1900,ии темпы,2
1901,сущности экономики,2
1902,большинство экономики,2
1903,сфер экономики,2
1904,экономике экономики,2
1905,применения экономики,2
1906,использования экономики,2
1907,ии экономики,2
1908,адаптации экономики,2
1909,технологий экономики,2
1910,отраслях экономики,2
1911,всей экономики,2
1912,цепочке экономики,2
1913,создания экономики,2
1914,ценности экономики,2
1915,функционала экономики,2
1916,логистики экономики,2
1917,управления экономики,2
1918,компанией экономики,2
1919,роста экономики,2
1920,рынка экономики,2
1921,искусственного экономики,2
1922,уровне экономики,2
1923,применения сфер,2
1924,развитие роста,2
1925,роста технологий,2
1926,решений роста,2
1927,какие технологии,2
1928,технологии точки,2
1929,перспективе технологии,2
1930,ответы технологии,2
1931,области такое,2
1932,интеллектуальных практических,2
1933,разного толка,2
1934,перелома точке,2
1935,стороны точке,2
1936,одной стороны,2
1937,возможных решений,2
1938,практических решений,2
1939,большой ии,3
1940,ии разговор,3
1941,июля решений,2
1942,обвинительного решений,2
1943,заключения решений,2
1944,ии переднем,3
1945,ии фронте,3
1946,ии июля,3
1947,ии составителем,3
1948,заключения ии,3
1949,ии преступнику,3
1950,ии суде,3
1951,года июля,4
1952,года тыс,2
1953,времени известно,2
1954,времени искусственного,2
1955,точности электронов,2
1956,ученые электронов,2
1957,системы электронов,2
1958,модель помощью,2
1959,помощью хаббарда,2
1960,материалов хаббарда,2
1961,материалов электронов,2
1962,модель хаббарда,3
1963,хаббарда электронов,2
1964,однако также,2
1965,тысяч электронов,2
1966,систему тысяч,2
1967,ресурсы тысяч,2
1968,изучения тысяч,2
1969,случаях тысяч,2
1970,группы ренормализационные,2
1971,ренормализационные тысяч,2
1972,группы тысяч,2
1973,возможности группы,2
1974,выявления тысяч,2
1975,изменений тысяч,2
1976,модификации тысяч,2
1977,свойств тысяч,2
1978,температуры тысяч,2
1979,последствий тысяч,2
1980,масштабов тысяч,2
1981,возможные тысяч,2
1982,сцепления тысяч,2
1983,тысяч ущерба,2
1984,точности тысяч,2
1985,сотни тысяч,2
1986,миллионы тысяч,2
1987,отдельных тысяч,2
1988,тысяч уравнений,2
1989,возможности тысяч,2
1990,нейросеть тысяч,2
1991,нейросеть связи,3
1992,нейросеть эта,2
1993,нейросеть производства,2
1994,нейросеть необходимости,2
1995,нейросеть нуля,2
1996,нейросеть санте,2
1997,которой нейросеть,2
1998,надежде нейросеть,2
1999,закономерности нейросеть,2
2000,вопрос нейросеть,2
2001,данный нейросеть,2
2002,нейросеть подход,2
2003,нейросеть электроны,2
2004,дистанциях нейросеть,2
2005,словам числе,2
2006,года ди,3
2007,года санте,3
2008,года космологии,3
2009,года неврологии,3
2010,исследования ходе,2
2011,исследования совместного,2
2012,антифрод года,2
2013,года инструменты,2
2014,ближайшего года,2
2015,года двух,2
2016,основная производственной,3
2017,основная сфере,3
2018,основная фронт,3
2019,миддл основная,3
2020,бэк основная,3
2021,логистике основная,3
2022,бот основная,3
2023,производственной статья,3
2024,статья сфере,3
2025,миддл статья,3
2026,бэк статья,3
2027,статья статья,3
2028,статья транспорте,3
2029,логистике статья,3
2030,бот статья,3
2031,искусственный фронт,3
2032,искусственный миддл,3
2033,бэк искусственный,3
2034,искусственный транспорте,3
2035,бот искусственный,4
2036,интеллект фронт,3
2037,интеллект миддл,3
2038,бэк интеллект,3
2039,интеллект транспорте,3
2040,интеллект логистике,3
2041,диалоги интеллект,3
2042,google бренды,2
2043,бренды ювелирные,2
2044,бренды клиентов,5
2045,de grisogono,2
2046,клиентов собеседник,3
2047,вкусах клиентов,3
2048,клиентов ювелирные,2
2049,изделия клиентов,2
2050,выбор клиентов,2
2051,клиентов свой,2
2052,ит клиентов,2
2053,клиентов соучредителя,3
2054,клиентов оливье,3
2055,клиентов коэнте,3
2056,инновации клиентов,2
2057,клиентов результатам,3
2058,клиентов респондентам,3
2059,клиентов текстовые,2
2060,информация сетей,2
2061,бренды информация,2
2062,информация тенденции,2
2063,информация эмоции,2
2064,информация настроение,2
2065,информация стратегии,2
2066,информация летом,2
2067,данные файлов,2
2068,данные сочетании,2
2069,данные эмоции,2
2070,данные стратегии,2
2071,данные летом,2
2072,данные умные,2
2073,данные часы,2
2074,google помощью,2
2075,основе помощью,2
2076,google ии,2
2077,вид внешний,2
2078,компании эта,2
2079,компании реальности,2
2080,использовании компании,2
2081,датской компании,2
2082,компании пива,2
2083,искусственного судебную,2
2084,систему судебную,2
2085,разных сферах,2
2086,данные факторов,2
2087,сеть этапе,2
2088,нейронная сеть,3
2089,аукционе года,2
2090,аукционе искусственным,2
2091,аукционе интеллектом,2
2092,рембрандт следующий,2
2093,сети ходе,2
2094,gaugan nvidia,2
2095,картирование текста,2
2096,ретушь текста,2
2097,преобразование текста,2
2098,изображение текста,2
2099,основе текста,2
2100,руки текста,2
2101,изображение изображения,2
2102,microsoft года,2
2103,времени изображения,2
2104,времени режиме,2
2105,белами живописцев,2
2106,августа массачусетского,2
2107,августа технологического,2
2108,августа института,2
2109,года массачусетского,2
2110,года института,2
2111,известно массачусетского,2
2112,массачусетского технологического,2
2113,института массачусетского,2
2114,института технологического,2
2115,man pac,2
2116,atari pac,2
2117,atari man,2
2118,машины результат,2
2119,баллов результат,2
2120,лучший результат,2
2121,поставленный результат,2
2122,результат человеком,2
2123,равен результат,2
2124,баллам результат,2
2125,метод результат,2
2126,названием результат,2
2127,гибридная результат,2
2128,архитектура результат,2
2129,вычисления ядро,2
2130,миллиона ядро,2
2131,боты такие,2
2132,боты денег,2
2133,боты сайты,2
2134,боты правило,2
2135,боты второй,2
2136,боты тип,2
2137,боты профессионалами,2
2138,денег зарабатывания,2
2139,игр тема,2
2140,игр популярных,2
2141,игр науке,2
2142,игр премию,2
2143,игр экономике,2
2144,инструментов фотографии,2
2145,алгоритм фотографии,2
2146,смартфонов фотографии,2
2147,изображение каждое,2
2148,gpu nvidia,2
2149,intel nervana,2
2150,компанией названия,2
2151,компанией собственность,2
2152,компанией феврале,2
